Workbook

Sheet Resumen
A1: Casos de prueba E2E del Proyecto 1 (job-search-agent)
A2: Ejecutados del 7 al 11 de octubre de 2026 por Andrea Rivera, incluidos los re-tests de los 5 defectos. Detalle y evidencias en docs/testing/plan-pruebas-e2e.md.
A4: Hoja | B4: Casos | C4: Passed | D4: Failed | E4: % Passed
A5: Registro y acceso | B5: =COUNTA('Registro y acceso'!A2:A100) -> 5 | C5: =COUNTIF('Registro y acceso'!G2:G100,"Passed") -> 5 | D5: =COUNTIF('Registro y acceso'!G2:G100,"Failed") -> 0 | E5: =IF(B5=0,"-",C5/B5) -> 1
A6: CV y perfil | B6: =COUNTA('CV y perfil'!A2:A100) -> 7 | C6: =COUNTIF('CV y perfil'!G2:G100,"Passed") -> 7 | D6: =COUNTIF('CV y perfil'!G2:G100,"Failed") -> 0 | E6: =IF(B6=0,"-",C6/B6) -> 1
A7: Radar | B7: =COUNTA(Radar!A2:A100) -> 7 | C7: =COUNTIF(Radar!G2:G100,"Passed") -> 7 | D7: =COUNTIF(Radar!G2:G100,"Failed") -> 0 | E7: =IF(B7=0,"-",C7/B7) -> 1
A8: Consultas por Telegram | B8: =COUNTA('Consultas por Telegram'!A2:A100) -> 6 | C8: =COUNTIF('Consultas por Telegram'!G2:G100,"Passed") -> 6 | D8: =COUNTIF('Consultas por Telegram'!G2:G100,"Failed") -> 0 | E8: =IF(B8=0,"-",C8/B8) -> 1
A9: Resumen diario | B9: =COUNTA('Resumen diario'!A2:A100) -> 2 | C9: =COUNTIF('Resumen diario'!G2:G100,"Passed") -> 2 | D9: =COUNTIF('Resumen diario'!G2:G100,"Failed") -> 0 | E9: =IF(B9=0,"-",C9/B9) -> 1
A10: Fallos y recuperación | B10: =COUNTA('Fallos y recuperación'!A2:A100) -> 3 | C10: =COUNTIF('Fallos y recuperación'!G2:G100,"Passed") -> 3 | D10: =COUNTIF('Fallos y recuperación'!G2:G100,"Failed") -> 0 | E10: =IF(B10=0,"-",C10/B10) -> 1
A11: Operación | B11: =COUNTA(Operación!A2:A100) -> 2 | C11: =COUNTIF(Operación!G2:G100,"Passed") -> 2 | D11: =COUNTIF(Operación!G2:G100,"Failed") -> 0 | E11: =IF(B11=0,"-",C11/B11) -> 1
A12: Total | B12: =SUM(B5:B11) -> 32 | C12: =SUM(C5:C11) -> 32 | D12: =SUM(D5:D11) -> 0 | E12: =IF(B12=0,"-",C12/B12) -> 1
A14: Incluye 30 casos del plan y 2 pruebas exploratorias (EXP-01 y EXP-02). Las cifras se calculan solas a partir de la columna Estatus de cada hoja.

Sheet Registro y acceso
A1: No | B1: Caso de Prueba | C1: Datos de la prueba | D1: Pasos | E1: Resultado esperado | F1: Resultado obtenido | G1: Estatus | H1: Enlace al defecto
A2: E2E-01 | B2: Verificar que una persona invitada pueda registrarse con un código válido y que solo vea sus propios datos. | C2: Admin: cuenta de Andrea Código generado: A3JFN2BN Usuario nuevo: cuenta de Telegram sin registrar (ayudante) | D2: 1. La admin escribe /invitar y copia el código. 2. La persona nueva escribe /start A3JFN2BN. 3. La persona nueva escribe /nuevas, /perfil y /preferencias. | E2: - Mensaje "¡Listo, ya tienes acceso!". - Queda registrada como usuario activo. - No ve vacantes, perfil ni palabras clave de la admin. | F2: - Recibe "¡Listo, ya tienes acceso!" con las instrucciones para enviar el CV. - /nuevas: "No hay vacantes nuevas por revisar". - /perfil y /preferencias muestran solo sus datos; al cambiar sus palabras no cambian las de la admin. | G2: Passed
A3: E2E-02 | B3: Verificar que una persona sin invitación no pueda usar el bot. | C3: Dos cuentas de Telegram sin registrar Mensaje: hola | D3: 1. Abrir el bot desde una cuenta sin registrar. 2. Escribir hola. | E3: - El bot responde que funciona solo por invitación. - La persona no queda registrada. | F3: - Las dos cuentas reciben "Hola. Este bot funciona solo por invitación..." con el ejemplo de /start. - Ninguna queda registrada. | G3: Passed
A4: E2E-03 | B4: Verificar que un código de invitación ya usado no sirva para registrar a otra persona. | C4: Código: A3JFN2BN (ya usado por el ayudante) Usuario: tercera persona sin registrar | D4: 1. La tercera persona escribe /start A3JFN2BN. | E4: - Mensaje "Ese código ya fue usado". - La persona no queda registrada. | F4: - Mensaje "Ese código ya fue usado. Pide una invitación nueva." - No queda registrada. | G4: Passed
A5: E2E-04 | B5: Verificar que un usuario ya registrado que escribe /start reciba un mensaje normal. | C5: Cuenta de la admin (ya registrada) | D5: 1. Escribir /start. | E5: - Mensaje "Ya tienes acceso..." sin datos raros (antes respondía el apellido, BUG-23). | F5: - "Ya tienes acceso. Escribe /perfil para ver tu perfil, /mejores para ver tus vacantes o envíame tu CV en PDF o Word." | G5: Passed
A6: EXP-01 | B6: Verificar que el bot rechace un código de invitación que no existe (prueba exploratoria). | C6: Códigos: ZZZZ9999 y zzz9999 Usuarios: ayudante y tercera persona, sin registrar | D6: 1. Escribir /start ZZZZ9999 (ayudante). 2. Escribir /start zzz9999 (tercera persona). | E6: - Mensaje "Ese código no existe". - No se registra. | F6: - Las dos reciben "Ese código no existe. Revisa que lo hayas copiado completo." - Ninguna queda registrada. | G6: Passed

Sheet CV y perfil
A1: No | B1: Caso de Prueba | C1: Datos de la prueba | D1: Pasos | E1: Resultado esperado | F1: Resultado obtenido | G1: Estatus | H1: Enlace al defecto
A2: E2E-05 | B2: Verificar que /subir_cv explique cómo enviar la hoja de vida. | C2: Comando: /subir_cv | D2: 1. Escribir /subir_cv. | E2: - Instrucciones claras: formatos aceptados y qué pasa después. | F2: - Explica que se envía como archivo en PDF o Word (.docx), que la nueva reemplaza a la anterior (la vieja queda como versión) y advierte que un PDF escaneado no se puede leer. | G2: Passed
A3: E2E-06 | B3: Verificar que el bot lea un CV en PDF y actualice el perfil. | C3: Archivo: Hoja ok.pdf (124 KB, PDF con texto) | D3: 1. Enviar el PDF al bot como archivo. 2. Escribir /perfil. | E3: - Confirma cuántos caracteres leyó. - El perfil se actualiza. - Solo pregunta lo que falta. | F3: - "¡Recibí tu archivo y extraje 5967 caracteres de texto!" - /perfil muestra experiencia, proyectos, habilidades e idiomas del CV. - Solo preguntó el nivel de inglés, que era lo único pendiente. - No se revisó MinIO en esta ejecución (se verificó en la reconstrucción del 7 oct). | G3: Passed
A4: E2E-07 | B4: Verificar que el bot lea el mismo CV en Word (DOCX). | C4: Archivo: Andrea_Rivera_Amador_CV_ES.docx (11,4 KB) | D4: 1. Enviar el DOCX al bot como archivo. | E4: - Igual que con el PDF: confirma caracteres y actualiza el perfil. | F4: - "¡Recibí tu archivo y extraje 5935 caracteres de texto!" - "No tengo preguntas pendientes para tu perfil." | G4: Passed
A5: E2E-08 | B5: Verificar que un PDF escaneado (solo imagen) no cree un perfil vacío. | C5: Archivo: prueba captura.pdf (419,5 KB, solo imagen) | D5: 1. Enviar el PDF escaneado como archivo. 2. Escribir /perfil. | E5: - Avisa que no pudo leer el archivo. - No crea un perfil vacío (BUG-24). | F5: - "No pude leer texto en tu archivo. Parece una imagen o un PDF escaneado..." y sugiere usar Word o un PDF exportado. - /perfil sigue completo. | G5: Passed
A6: E2E-09 | B6: Verificar que al reenviar el CV el bot no repita preguntas ya respondidas. | C6: CV en PDF con la entrevista ya respondida (salvo inglés) | D6: 1. Reenviar el CV. 2. Revisar qué preguntas hace. 3. Escribir /perfil. | E6: - Solo pregunta lo que falta (BUG-26). | F6: - Solo preguntó el nivel de inglés. - /perfil indicaba "Me falta saber: Inglés", así que la pregunta era la correcta. | G6: Passed
A7: E2E-10 | B7: Verificar que /completar_perfil responda bien cuando no falta nada. | C7: Perfil con todas las preguntas respondidas | D7: 1. Escribir /completar_perfil. | E7: - "No tengo preguntas pendientes..." sin errores (BUG-30). | F7: - "No tengo preguntas pendientes para tu perfil. Escribe /perfil para verlo..." El mensaje con "_" llegó completo. | G7: Passed
A8: E2E-11 | B8: Verificar que se pueda corregir un dato del perfil con /corregir. | C8: Comando: /corregir salario Valor nuevo: 3.000.000 | D8: 1. Escribir /corregir salario. 2. Responder 3.000.000. 3. Escribir /perfil. | E8: - La corrección se guarda. - Aparece en /perfil. | F8: - "Listo, actualicé ese dato de tu perfil." - /perfil muestra "Aspiración salarial: 3.000.000". | G8: Passed

Sheet Radar
A1: No | B1: Caso de Prueba | C1: Datos de la prueba | D1: Pasos | E1: Resultado esperado | F1: Resultado obtenido | G1: Estatus | H1: Enlace al defecto
A2: E2E-12 | B2: Verificar que una alerta de empleo que llega por correo genere un aviso en Telegram. | C2: Alerta real de LinkedIn en la etiqueta Radar de Gmail (8 oct) Flujo: radar-correo | D2: 1. Esperar una alerta real (no reenviada: el lector se elige por el remitente). 2. Revisar el aviso en Telegram. 3. Revisar la pestaña Ejecuciones de radar-correo en n8n. | E2: - Llega un aviso por Telegram con cada vacante y su link. - La ejecución en n8n termina sin errores. | F2: - 1:24 p. m.: "4 oportunidades nuevas de LinkedIn", cada una con su link. - La ejecución de las 13:24 terminó bien. La de las 14:36 no avisó porque el correo no traía vacantes nuevas. | G2: Passed
A3: E2E-13 | B3: Verificar que el radar de Get on Board traiga vacantes y avise cuando hay nuevas. | C3: Flujo: radar-getonbrd (ejecución manual) Categorías: SysAdmin/DevOps/QA, ML/IA, Atención al cliente, Soporte técnico | D3: 1. Ejecutar radar-getonbrd a mano en n8n. 2. Revisar el resultado del nodo "Guardar vacantes de Get on Board". 3. Revisar el historial de ejecuciones. | E3: - El flujo termina sin errores. - Si hay vacantes nuevas que coinciden, llegan por Telegram. | F3: - Revisó 156 vacantes en las 4 categorías, sin errores. No había nuevas para el usuario. - En el historial, el 6 oct sí envió un aviso por Telegram. - Corre cada hora con normalidad. | G3: Passed
A4: E2E-14 | B4: Verificar que se pueda agregar una vacante con /vacante y quede guardada con número. | C4: Link: https://www.linkedin.com/jobs/search-results/?currentJobId=4477446145&... | D4: 1. Escribir /vacante seguido del link. 2. Escribir /nuevas. | E4: - La vacante se guarda. - La respuesta muestra su número para usar /detalle. | F4: - Primera ejecución (8 oct): "Guardé la vacante (LinkedIn)" con el link limpio (jobs/view/4477446145), pero sin número. En /nuevas aparece como #367 (BUG-33). - Re-test (10 oct, después de corregir BUG-33): "Guardé la vacante #400 (LinkedIn)" con /detalle 400, /guardar 400 y /descartar 400. | G4: Passed | H4: BUG-33
A5: E2E-15 | B5: Verificar que una vacante que ya existe no se duplique al agregarla con /vacante. | C5: Link de la #303: https://www.linkedin.com/jobs/view/4258064259/ | D5: 1. Escribir /vacante con el link de la #303. 2. Escribir /nuevas. | E5: - "Esa vacante ya la tenías guardada". - No se crea otra. | F5: - "Esa vacante ya la tenías guardada (LinkedIn)" con el título de BairesDev. - En /nuevas no apareció otra copia. - La respuesta tampoco muestra el número (BUG-33). - Re-test (10 oct): "Esa vacante ya la tenías guardada (#400, LinkedIn)", el mismo número de cuando se guardó. En /nuevas aparece una sola vez. | G5: Passed
A6: EXP-02 | B6: Verificar que el mismo link con parámetros de seguimiento se reconozca como la misma vacante (prueba exploratoria). | C6: Link: https://www.linkedin.com/jobs/view/4258064259/?refId=abc123&trackingId=xyz | D6: 1. Escribir /vacante con el link con parámetros. | E6: - Se reconoce como la #303 y no se duplica. | F6: - "Esa vacante ya la tenías guardada (LinkedIn)". No se duplicó. | G6: Passed
A7: E2E-16 | B7: Verificar que solo lleguen vacantes con las palabras clave del usuario en el título. | C7: Palabras: qa, test, sdet, pruebas, calidad, automatiza, automation, n8n, soporte, mesa de ayuda, atencion al cliente, servicio al cliente, ia, ai, artificial | D7: 1. Escribir /nuevas. 2. Revisar el título de cada vacante. | E7: - Todos los títulos tienen alguna palabra clave. | F7: - Las 10 más recientes (#357 a #367) tienen alguna palabra clave en el título. | G7: Passed
A8: E2E-17 | B8: Verificar que no lleguen vacantes de otros países, aunque sean remotas. | C8: Avisos del radar del 8 oct | D8: 1. Revisar los avisos que llegan por Telegram. | E8: - Ninguna vacante de otro país (por ejemplo México). | F8: - Primera ejecución (8 y 9 oct): pasó con la muestra de las 14:33, pero a las 5:24 p. m. llegó un aviso con vacantes en "Huixquilucán, MEX" y "Polanco, CMX" (BUG-35). - Re-test (11 oct, prueba controlada con curl a /radar/email): 3 vacantes de QA en "Huixquilucán, MEX", "Polanco, CMX" y "Zapopan, Jalisco". Resultado: found 3, skipped 3, created 0. | G8: Passed | H8: BUG-35

Sheet Consultas por Telegram
A1: No | B1: Caso de Prueba | C1: Datos de la prueba | D1: Pasos | E1: Resultado esperado | F1: Resultado obtenido | G1: Estatus | H1: Enlace al defecto
A2: E2E-18 | B2: Verificar que /nuevas y /mejores muestren las vacantes con número, puntaje y link. | C2: Comandos: /nuevas y /mejores | D2: 1. Escribir /nuevas. 2. Escribir /mejores. | E2: - Listas con número, título, empresa y link. - /mejores ordenada de mayor a menor puntaje. | F2: - /nuevas: lista con número y link, las más recientes primero. - /mejores: 75, 70, 70, 70, 65, 60, 60, 55. - Las dos terminan con la ayuda de /detalle. | G2: Passed
A3: E2E-19 | B3: Verificar que se pueda ver el detalle de una vacante, guardarla y descartar otra. | C3: Vacante a guardar: #303 Vacante a descartar: #360 | D3: 1. /detalle 303 2. /guardar 303 3. /guardadas 4. /descartar 360 5. /nuevas | E3: - El detalle muestra puntaje, razones, inglés, nivel y link. - La #303 aparece en /guardadas. - La #360 ya no aparece en las listas. | F3: - Detalle con puntaje 70/100, inglés, nivel, puntos a favor y en contra, y link. - La #303 aparece en /guardadas. - La #360 ya no aparece en /nuevas. | G3: Passed
A4: E2E-20 | B4: Verificar que /buscar encuentre vacantes aunque se escriba sin tilde. | C4: Comando: /buscar bogota | D4: 1. Escribir /buscar bogota. | E4: - Encuentra las vacantes con "Bogotá". - Ordenadas por puntaje. | F4: - 7 resultados con "Bogotá" o "Bogota". - Orden: 25, 25, 15, 15, 15, 0, 0. | G4: Passed
A5: E2E-21 | B5: Verificar que se puedan ver y cambiar las palabras clave con /preferencias. | C5: Lista de 16 palabras: las 15 de siempre más "tester" | D5: 1. Escribir /preferencias. 2. Escribir /preferencias con las 16 palabras separadas por coma. 3. Escribir /preferencias otra vez. | E5: - El bot guarda las palabras nuevas, o avisa si alguna no se pudo guardar. | F5: - Primera ejecución (8 oct): responde "Listo, actualicé tu búsqueda", pero guarda solo 15. "tester" se descarta sin aviso (BUG-32). - Re-test (10 oct, después de corregir BUG-32): guarda 15 y avisa "No guardé: tester". Con las 15 de siempre responde "Listo" sin aviso. - Queda como observación que /preferencias con una sola palabra reemplaza toda la lista sin advertir. | G5: Passed | H5: BUG-32
A6: E2E-22 | B6: Verificar que el bot responda ante un comando mal escrito o un sticker. | C6: Comando: /ayudaa Un sticker | D6: 1. Escribir /ayudaa. 2. Enviar un sticker. | E6: - Responde con la lista de comandos. - Nunca se queda callado. | F6: - En los dos casos responde con la lista de comandos. | G6: Passed
A7: E2E-23 | B7: Verificar que con el radar en pausa no lleguen avisos ni resumen, y que al reanudar vuelvan. | C7: Comandos: /pausar (8 oct, 5:38 p. m.) y /reanudar (10 oct) | D7: 1. Escribir /pausar. 2. Esperar avisos del radar y el resumen de la mañana. 3. Escribir /reanudar. | E7: - En pausa no llegan avisos ni resumen. - Al reanudar, el bot lo confirma y todo vuelve. | F7: - El resumen sí respeta la pausa: el del 10 oct corrió sin incluirme. - Pero llegaron avisos de Indeed y LinkedIn a las 9:47 p. m. y 10:28 p. m. - /reanudar responde "¡Bienvenida/o de vuelta! Tu radar está activo otra vez." - Re-test (10 oct, después de corregir BUG-34): en pausa llegó una vacante nueva por correo; se guardó (created 1) pero avisar salió false y no llegó nada a Telegram. - Regresión (10 y 11 oct): al reanudar, los avisos de correo volvieron a llegar. | G7: Passed | H7: BUG-34

Sheet Resumen diario
A1: No | B1: Caso de Prueba | C1: Datos de la prueba | D1: Pasos | E1: Resultado esperado | F1: Resultado obtenido | G1: Estatus | H1: Enlace al defecto
A2: E2E-24 | B2: Verificar que el resumen diario llegue por Telegram y por correo. | C2: Flujo: radar-resumen-diario (ejecución manual, 10 oct) Correo: Mailpit en http://localhost:8025 | D2: 1. Ejecutar radar-resumen-diario en n8n. 2. Revisar Telegram. 3. Revisar Mailpit. | E2: - Llega el resumen por Telegram. - Aparece el correo en Mailpit. | F2: - Telegram, 3:18 p. m.: "Llegaron 19 vacante(s): Indeed 10, LinkedIn 9." - Mailpit: "Tu resumen de vacantes del 10/10/2026" con las mismas cifras. | G2: Passed
A3: E2E-25 | B3: Verificar que el resumen no se envíe dos veces el mismo día. | C3: Segunda ejecución manual de radar-resumen-diario el 10 oct | D3: 1. Ejecutar radar-resumen-diario otra vez. 2. Esperar un minuto. 3. Revisar Telegram y Mailpit. | E3: - No llega un segundo resumen ni un segundo correo. | F3: - Sigue habiendo un solo resumen en Telegram y un solo correo en Mailpit ("1-1 de 1"). | G3: Passed

Sheet Fallos y recuperación
A1: No | B1: Caso de Prueba | C1: Datos de la prueba | D1: Pasos | E1: Resultado esperado | F1: Resultado obtenido | G1: Estatus | H1: Enlace al defecto
A2: E2E-26 | B2: Verificar que si Groq falla responda Gemini y no se pierdan puntajes. | C2: Endpoint: http://localhost:8000/telemetria/ia?dias=2 | D2: 1. Abrir el endpoint de telemetría. 2. Revisar llamadas por proveedor, respaldo y errores. | E2: - Hay llamadas resueltas por Gemini como respaldo. - Errores en 0 o muy pocos. | F2: - 97 llamadas: Groq 75 y Gemini 22 (23 % por respaldo). - 0 errores. Costo US$ 0. | G2: Passed
A3: E2E-27 | B3: Verificar que si se cae profile-api llegue una alerta y el sistema se recupere sin duplicar. | C3: docker compose stop profile-api (corte de unos 2 min) Comando: /nuevas | D3: 1. Apagar profile-api. 2. Escribir /nuevas. 3. Prender profile-api. 4. Escribir /nuevas otra vez. | E3: - Llega una alerta por Telegram. - Al volver, todo funciona sin duplicados. | F3: - Llegaron 2 alertas (verificar-acceso y telegram-invitacion). - Al prenderlo, /nuevas respondió igual que antes, sin duplicados. | G3: Passed
A4: E2E-28 | B4: Verificar que si Telegram reenvía un mensaje no se procese dos veces. | C4: Script: python3 scripts/probar-idempotencia.py | D4: 1. Correr el script. | E4: - 15 de 15 casos pasan. | F4: - 15/15 (7 oct, sesión de reconstrucción). | G4: Passed

Sheet Operación
A1: No | B1: Caso de Prueba | C1: Datos de la prueba | D1: Pasos | E1: Resultado esperado | F1: Resultado obtenido | G1: Estatus | H1: Enlace al defecto
A2: E2E-29 | B2: Verificar que el respaldo de PostgreSQL y MinIO se pueda restaurar completo. | C2: Scripts: bash scripts/backup-db.sh y bash scripts/probar-restauracion.sh | D2: 1. Sacar el respaldo. 2. Correr la prueba de restauración. | E2: - Las 8 tablas y MinIO quedan igual que en el original. | F2: - 8/8 tablas y MinIO con la misma huella (7 oct). | G2: Passed
A3: E2E-30 | B3: Verificar que el sistema se pueda reconstruir desde cero con el repositorio y el .env.example. | C3: Runbook: docs/runbooks/reconstruccion.md Carpeta nueva y otro bot de Telegram | D3: 1. Seguir el runbook en una carpeta nueva. 2. Probar el bot, un CV y las pruebas automáticas. | E3: - Bot, CV, IA, MinIO y pruebas funcionan. | F3: - 15 migraciones, 8 flujos, bot respondiendo, CV procesado y guardado en MinIO, aislamiento 42/42, idempotencia 15/15 (7 oct). | G3: Passed

Sheet Defectos
A1: ID | B1: Título | C1: Severidad | D1: Prioridad | E1: Caso que lo detectó | F1: Estado | G1: Enlace
A2: BUG-32 | B2: /preferencias descarta en silencio las palabras después de la 15 | C2: Baja | D2: Media | E2: E2E-21 | F2: Corregido y probado (2026-10-10) | G2: Ver en la bitácora
A3: BUG-33 | B3: /vacante no muestra el número de la vacante | C3: Baja | D3: Media | E3: E2E-14 | F3: Corregido y probado (2026-10-10) | G3: Ver en la bitácora
A4: BUG-34 | B4: Con el radar en pausa siguen llegando avisos por correo | C4: Media | D4: Alta | E4: E2E-23 | F4: Corregido y probado (2026-10-11) | G4: Ver en la bitácora
A5: BUG-35 | B5: El filtro de ubicación deja pasar México escrito "MEX" o "CMX" | C5: Media | D5: Media | E5: E2E-17 | F5: Corregido y probado (2026-10-11) | G5: Ver en la bitácora
A6: BUG-36 | B6: Después de reiniciar, el bot no recibe mensajes y start-local.sh dice "Listo" | C6: Media | D6: Alta | E6: E2E-23 | F6: Corregido y probado (2026-10-10) | G6: Ver en la bitácora
A8: El BUG-36 apareció durante el caso E2E-23. El detalle completo de cada bug está en docs/bitacora-bugs.md.
